,series,right,title,cover,metadata
0,X-Men,(July 2004),The Uncanny X-Men #444 [Direct Edition],./covers/The Uncanny X-Men #444 [Direct Edition].jpg,"{'pencils': 'Alan Davis', 'inks': 'Alan Davis', 'colors': '?', 'letters': 'Typeset', 'genre': 'superhero', 'characters': 'Nightcrawler (tail only)', 'reprints': ""in  Astonishing X-Men Director's Cut (Marvel, 2004 series) #1 ([August] 2004)""}"
0,X-Men,(June 2004),X-Treme X-Men #46,./covers/X-Treme X-Men #46.jpg,"{'pencils': 'Salvador Larroca (signed)', 'inks': 'Salvador Larroca (signed)', 'colors': 'Liquid Graphics (signed)', 'letters': '?', 'genre': 'superhero', 'characters': 'Storm; Bishop; Rogue; Gambit; Sage [Tessa]; Cannonball; Kitty Pryde'}"
0,Ultimate X-Men,(May 2006),Ultimate X-Men #68 [Regular Cover],./covers/Ultimate X-Men #68 [Regular Cover].jpg,"{'pencils': 'Tom Raney (signed)', 'colors': 'Richard Isanove (signed)', 'letters': 'typeset', 'genre': 'superhero', 'characters': 'Iceman; Rogue'}"
0,X-Men,(February 2007),Astonishing X-Men #19 [Team Cover],./covers/Astonishing X-Men #19 [Team Cover].jpg,"{'pencils': 'John Cassaday', 'inks': 'John Cassaday', 'colors': 'Laura Martin', 'letters': 'typeset', 'genre': 'superhero', 'characters': 'The X-Men [Cyclops [Scott Summers]; Beast [Hank McCoy]; Wolverine [Logan]; Colossus [Piotr Rasputin]; Shadowcat [Kitty Pryde]; Emma Frost [White Queen]]', 'reprints': 'in  Astonishing X-Men (Marvel, 2006 series) #2 (2008)  in  Astonishing X-Men (Marvel, 2004 series) #4 - Unstoppable ([June] 2008)'}"
0,X-Men,(June 1994),X-Men Adventures [II] #5,./covers/X-Men Adventures [II] #5.jpg,"{'pencils': 'John Hebert (signed)', 'inks': 'Greg Adams (signed)', 'colors': '?', 'genre': 'superhero', 'characters': 'Wolverine; Vindicator [James MacDonald Hudson]; Shaman; Sasquatch; Puck; Aurora; Northstar'}"
0,X-Men,(April 2006),The Uncanny X-Men #469 [Direct Edition],./covers/The Uncanny X-Men #469 [Direct Edition].jpg,"{'pencils': 'Billy Tan (signed)', 'inks': 'Jon Sibal (signed)', 'colors': 'Avalon Studios (see note); Kemp (signed)', 'letters': 'Typeset', 'genre': 'superhero', 'characters': 'Wolverine; Marvel Girl [Rachel Grey]; Nightcrawler; Bishop; Psylocke; Cannonball; Sentinel Squad O*N*E*'}"
0,X-Men,(September 2006),X-Men #188 [Sketch Cover],./covers/X-Men #188 [Sketch Cover].jpg,"{'pencils': 'Chris Bachalo (signed)', 'letters': '?', 'genre': 'superhero', 'characters': 'Rogue; Sabretooth; Mystique; Aurora; Cannonball; Cable; Iceman'}"
0,X-Men,(September 1982),The Uncanny X-Men #161 [direct edition],./covers/The Uncanny X-Men #161 [direct edition].jpg,"{'pencils': 'Dave Cockrum (signed)', 'inks': 'Bob Wiacek (signed)', 'colors': '?', 'genre': 'superhero', 'characters': 'Professor X; Magento; Baron Strucker; Gabrielle Haller', 'reprints': 'in  The Marvel Saga the Official History of the Marvel Universe (Marvel, 1985 series) #4 (March 1986)  in  Les Mystérieux X-Men (Editions Héritage, 1985 series) #66 (avril 1987)  in  X-Men Archives (Marvel, 1995 series) #4 (January 1995) [cover detail]  in  Essential X-Men (Marvel, 1996 series) #3 (July 1998)  in  Marvel Gold. La Imposible Patrulla-X (Panini España, 2011 series) #4 - Desde las Cenizas (Agosto 2015)'}"
0,X-Men,(May 2004),New X-Men #154 [Direct Edition],./covers/New X-Men #154 [Direct Edition].jpg,"{'pencils': 'Marc Silvestri (signed)', 'inks': 'Joe Weems (signed)', 'colors': 'Steve Firchow (signed)', 'letters': 'typeset', 'genre': 'superhero', 'characters': 'The X-Men (future) [Wolverine [Logan]; Cassandra Nova Xavier [Ernst]; E.V.A. [Weapon XIII]; Beak [Tito Bohusk]; Tom Skylark; Rover]', 'reprints': 'in  New X-Men (Marvel, 2002 series) #3 (2004), #3 (2004)  in  New X-Men (Marvel, 2001 series) #7 - Here Comes Tomorrow ([May] 2004)  in  X-Men (Hjemmet / Egmont, 2003 series) #6/2005 ([november] 2005)  in  New X-Men Ultimate Collection (Marvel, 2008 series) #3'}"
0,X-Men,(February 2009),X-Men: Legacy #219 [Direct Edition],./covers/X-Men: Legacy #219 [Direct Edition].jpg,"{'pencils': 'Mike McKone', 'inks': 'John Rauch', 'colors': '?', 'genre': 'superhero', 'characters': 'Professor X [Charles Xavier]; Juggernaut [Cain Marko]'}"
0,X-Men,(November 2009),Dark X-Men: The Confession #1,./covers/Dark X-Men: The Confession #1.jpg,"{'pencils': 'Yanick Paquette', 'inks': 'Michel Lacombe', 'colors': 'Nathan Fairbairn', 'genre': 'superhero', 'characters': 'Emma Frost; Cyclops [Scott Summers]'}"
0,nan,([March] 2002),X-Treme X-Men #1 - Destiny,nan,{}
0,X-Men,(1981),X-Men Annual #5 [Direct Edition],./covers/X-Men Annual #5 [Direct Edition].jpg,"{'pencils': 'Brent Anderson (signed)', 'inks': 'Brent Anderson (signed)', 'colors': '?', 'letters': 'Jim Novak', 'genre': 'superhero', 'characters': 'Storm; Wolverine; Colossus; Nightcrawler; Kitty Pryde; Mr. Fantastic; Invisible Girl; Human Torch; Thing; Badoon', 'reprints': 'in  Essential X-Men (Marvel, 1996 series) #3 (July 1998)  in  Marvel Masterworks: The Uncanny X-Men (Marvel, 2003 series) #7 [Regular Edition] ([January] 2011)  in  Marvel Gold. La Imposible Patrulla-X (Panini España, 2011 series) #3 - Vs. Magneto (Noviembre 2012)  in  Die Fantastischen Vier (Condor, 1979 series) #8'}"
0,X-Men,(1989),X-Men Annual #13 [Newsstand Edition],./covers/X-Men Annual #13 [Newsstand Edition].jpg,"{'pencils': 'Mike Vosburg (signed)', 'inks': 'Terry Austin (signed)', 'colors': '?', 'letters': 'Ken Lopez', 'genre': 'superhero', 'characters': 'X-Men [Storm; Wolverine; Colossus; Rogue; Havok; Longshot]; Mr. Jip; Serpent Society [Cobra; Sidewinder; Bushmaster; Anaconda; Cottonmouth; Black Mamba]', 'reprints': 'in  X-Men by Chris Claremont & Jim Lee Omnibus (Marvel, 2011 series) #1 ([October] 2011)', 'keywords': 'Atlantis Attacks'}"
0,X-Men,(2009),Essential Classic X-Men #3,./covers/Essential Classic X-Men #3.jpg,"{'pencils': 'Neal Adams', 'inks': 'Tom Palmer', 'colors': '?', 'letters': 'typeset', 'genre': 'superhero', 'characters': 'Havok; Iceman; Marvel Girl; Cyclops; Angel; Beast', 'reprints': 'from  The X-Men (Marvel, 1963 series) #58 (July 1969)'}"
0,Avengers; X-Men,(December 2012),Avengers vs. X-Men #12,./covers/Avengers vs. X-Men #12.jpg,"{'pencils': 'Jim Cheung', 'inks': 'Mark Morales', 'colors': 'Justin Ponsor', 'letters': 'typeset', 'genre': 'superhero', 'characters': 'Avengers [Captain America; Hulk; Iron Man; Scarlet Witch; Spider-Man; Thor; Wolverine]; Cyclops; Hope Summers', 'reprints': 'in  Avengers vs X-Men (Panini France, 2012 series) #6 (avril 2013)'}"
0,X-Men,(October 1991),X-Men #1 [Cover D],./covers/X-Men #1 [Cover D].jpg,"{'pencils': 'Jim Lee', 'inks': 'Scott Williams', 'colors': '?', 'letters': '?', 'genre': 'superhero', 'characters': 'Magneto', 'reprints': 'in  Marvel Collectible Classics: X-Men (Marvel, 1998 series) #6 (December 1998)  in  X-Men: Mutant Genesis (Marvel, 2010 series)  (2010),  (2010)'}"
0,X-Men,(September 2017),X-Men: Gold #5 [Second Printing],nan,"{'pencils': 'Ardian Syaf (signed, credited)', 'inks': 'Jay Leisten (signed, credited)', 'colors': 'Frank Martin (credited)', 'genre': 'superhero', 'characters': '0101 [Sentinel]; X-Men [Storm [Ororo Munroe]; Old Man Logan; Kitty Pryde]; Gambit [Remy Le Beau]', 'reprints': 'in  X-Men: Gold (Marvel, 2017 series) #4 (July 2017) [without trade dress]  in  X-Men Resurrxion (Panini France, 2017 series) #3 - Techno Superior (janvier 2018)'}"
0,X-Men,(July 2010),X-Men: Pixie Strikes Back,nan,"{'pencils': 'Stuart Immonen', 'inks': 'Stuart Immonen', 'colors': '?', 'letters': 'typeset', 'genre': 'superhero', 'characters': 'Pixie [Megan Gwynn]; Mercury [Cessily Kincaid]; Armor [Hisako Ichiki]; Blindfold [Ruth Aldine]; X-23', 'reprints': 'from  X-Men: Pixie Strikes Back (Marvel, 2010 series) #1 (April 2010)'}"
0,X-Men,(March 2008),X-Men #207 [Direct Edition],./covers/X-Men #207 [Direct Edition].jpg,"{'pencils': 'David Finch', 'inks': 'David Finch', 'colors': 'Jason Keith', 'letters': 'Typeset', 'genre': 'superhero', 'characters': 'Cyclops [Scott Summers]; Emma Frost [White Queen]; Wolverine [James Howlett; Logan]; Cable [Nathan Summers]; Bishop [Lucas Bishop]; Mystique [Raven Darkhölme]; Warpath [James Proudstar]; Vertigo; X-23 [Laura Kinney]; Sunfire [Shiro Yoshida]; Iceman [Bobby Drake]; Nightcrawler [Kurt Wagner]; Scalphunter [John Greycrow]; Gambit [Remy LeBeau]; Random [Marshall Evan Stone III]; Hope', 'reprints': 'in  X-Men, los Hombres X (Editorial Televisa, 2005 series) #46'}"
0,X-Men,(December 1993),The X-Men Creators' Choice #1,./covers/The X-Men Creators' Choice #1.jpg,"{'pencils': 'Bill Sienkiewicz', 'inks': 'Bill Sienkiewicz', 'colors': '?', 'letters': 'Typeset', 'genre': 'superhero', 'characters': 'Cyclops; Rogue; Gambit; Iceman; Jubilee; Beacon'}"
0,X-Men; Inhumans,(November 2016),Civil War II: X-Men #4,./covers/Civil War II: X-Men #4.jpg,"{'pencils': 'David Yardin (signed)', 'inks': 'David Yardin (signed)', 'colors': 'David Yardin', 'letters': 'typeset', 'genre': 'superhero', 'characters': 'Magneto; Ulysses'}"
0,X-Men,(July 1997),X-Men #-1 [Newsstand Edition],./covers/X-Men #-1 [Newsstand Edition].jpg,"{'pencils': 'Carlos Pacheco (signed)', 'inks': 'Art Thibert [as A.T.] (signed)', 'colors': '?', 'letters': '?', 'genre': 'superhero', 'characters': 'Professor X; Amelia Voght; Magneto', 'reprints': 'in  Gli Incredibili X-Men (Marvel Italia, 1994 series) #95 (Maggio 1998)', 'keywords': 'Flashback'}"
0,X-Men,(September 2009),The Uncanny X-Men #513 [Dodson Cover],./covers/The Uncanny X-Men #513 [Dodson Cover].jpg,"{'pencils': 'Terry Dodson (signed)', 'inks': 'Rachel Dodson (signed)', 'colors': 'Justin Ponsor', 'genre': 'superhero', 'characters': 'Dark X-Men [Professor X [Raven Darkholme]; Emma Frost; Namor; Cloak [Tyrone Johnson]; Dagger [Tandy Bowen]; Wolverine [Daken Akihiro]; Mimic [Calvin Rankin]; Weapon Omega [Michael Pointer]]', 'reprints': 'in  Los Increíbles Hombres X, Uncanny X-Men (Editorial Televisa, 2009 series) #17'}"
0,X-Men,(September 2009),The Uncanny X-Men #513 [Bianchi Cover],./covers/The Uncanny X-Men #513 [Bianchi Cover].jpg,"{'pencils': 'Simone Bianchi (signed)', 'inks': 'Simone Bianchi (signed); Andrea Silvestri (signed)', 'colors': 'Simone Peruzzi (signed)', 'genre': 'superhero', 'characters': 'Ares; Psylocke [Betsy Braddock]'}"
0,X-Men,(June 1995),X-Men Adventures [III] #4,./covers/X-Men Adventures [III] #4.jpg,"{'pencils': 'John Hebert', 'inks': 'John Hebert', 'colors': '?', 'letters': 'Typeset', 'genre': 'superhero', 'characters': 'Phoenix [Jean Grey]; Wolverine; Cyclops'}"
0,X-Men; Alpha Flight,(May 1998),X-Men / Alpha Flight: The Gift #1,nan,"{'pencils': 'Dave Cockrum', 'inks': 'Bob Wiacek', 'colors': '?', 'genre': 'superhero', 'characters': 'Loki; Cyclops; Rogue; Wolverine; Puck; Shaman; Snowbird; Kitty Pryde; Lockheed; Sasquatch; Nightcrawler; Madelyne Pryor; Professor X; Phoenix [Rachel Summers]; Talisman; Aurora; Northstar', 'reprints': 'in  X-Men: Alpha Flight (Marvel, 2011 series)  (2011)'}"
0,X-Men,(June 1993),X-Men Adventures #8 [Direct Edition],./covers/X-Men Adventures #8 [Direct Edition].jpg,"{'pencils': 'Andrew Wildman', 'inks': 'Andrew Wildman', 'colors': '?', 'letters': 'Typeset', 'genre': 'superhero', 'characters': 'Cable'}"
0,X-Men,(August 1996),Onslaught: X-Men #1 [Cover A],./covers/Onslaught: X-Men #1 [Cover A].jpg,"{'pencils': 'Adam Kubert (signed)', 'inks': 'Adam Kubert (signed)', 'colors': '?', 'genre': 'superhero', 'characters': 'Cyclops; Jean Grey; Storm; Wolverine; Bishop; Gambit; Cannonball; Beast [Dark Beast]; Onslaught', 'reprints': 'in  Marvel Superhelden (JuniorPress, 1981 series) #70'}"
0,X-Men,(December 2006),X-Men: First Class #2,./covers/X-Men: First Class #2.jpg,"{'pencils': 'Marko Djurdjevic (Painted)', 'inks': 'Marko Djurdjevic (Painted)', 'colors': 'Marko Djurdjevic (Painted)', 'letters': 'Typeset', 'genre': 'superhero', 'characters': 'Angel; Beast; Lizard', 'reprints': 'in  Target X-Men: First Class - New Beginnings (Marvel, 2007 series)  (2007)  in  Marvel Two-In-One (Marvel, 2007 series) #2 (October 2007), #2 (October 2007)'}"
0,X-Men,(May 2007),X-Men: First Class #7,./covers/X-Men: First Class #7.jpg,"{'pencils': 'Marko Djurdjevic (Painted)', 'inks': 'Marko Djurdjevic (Painted)', 'colors': 'Marko Djurdjevic (Painted)', 'letters': 'Typeset', 'genre': 'superhero', 'characters': 'Angel; Scarlet Witch', 'reprints': 'in  Marvel Two-In-One (Marvel, 2007 series) #7 (March 2008)'}"
0,X-Men,(February 2007),X-Men: Phoenix - Warsong #4,./covers/X-Men: Phoenix - Warsong #4.jpg,"{'pencils': 'Marc Silvestri', 'inks': 'Joe Weems', 'colors': ""Frank D'Armata"", 'letters': 'Typeset', 'genre': 'superhero', 'characters': 'Emma Frost [White Queen]; Cuckoo Baby', 'reprints': 'in  X-Men: Phoenix - Warsong (Marvel, 2007 series)  (2007)'}"
0,Magneto,(August 2000),X-Men Movie Prequel: Magneto,./covers/X-Men Movie Prequel: Magneto.jpg,"{'pencils': 'Jae Lee', 'inks': 'Jae Lee', 'colors': '?', 'genre': 'superhero', 'characters': 'Magneto'}"
0,Phoenix,(August 2003),X-Men: Phoenix - Legacy of Fire #2,./covers/X-Men: Phoenix - Legacy of Fire #2.jpg,"{'pencils': 'Ryan Kinnaird', 'inks': 'Ryan Kinnaird', 'colors': 'Ryan Kinnaird', 'letters': 'Typeset', 'genre': 'superhero', 'characters': 'Jena Pyre', 'keywords': 'manga'}"
0,X-Men; Fantastic Four,(March 2005),X-Men / Fantastic Four #2,nan,"{'pencils': 'Pat Lee (signed)', 'inks': 'Pat Lee (signed)', 'colors': '?', 'letters': 'typeset', 'genre': 'superhero', 'characters': 'Emma Frost [White Queen]; Wolverine; Nightcrawler; Gambit'}"
0,X-Men,(September 1995),X-Men: The Early Years #17,./covers/X-Men: The Early Years #17.jpg,"{'pencils': 'Phil Hester (signed)', 'inks': 'Ande Parks (signed)', 'colors': '?', 'letters': 'Typeset', 'genre': 'superhero', 'characters': 'Iceman; Magneto'}"
0,X-Men,(April 1997),X-Men: Lost Tales #1,./covers/X-Men: Lost Tales #1.jpg,"{'pencils': 'Kevin Nowlan', 'inks': 'Kevin Nowlan', 'colors': '?', 'genre': 'superhero', 'characters': 'Nightcrawler; Colossus; Wolverine'}"
0,X-Men; ClanDestine,(October 1996),X-Men: Clan Destine #1,./covers/X-Men: Clan Destine #1.jpg,"{'pencils': 'Alan Davis', 'inks': 'Mark Farmer', 'colors': '?', 'genre': 'superhero', 'reprints': 'in  Marvel Mix (Marvel Italia, 1996 series) #12 (Marzo 1997)  in  ClanDestine vs. The X-Men (Marvel, 1997 series)  (August 1997)  in  100% Marvel : X-Men / Clandestine (Panini France, 1997 series) #1. Le cauchemar des destine ([Juillet] 1999)'}"
0,X-Men,(March 1995),Astonishing X-Men #1 [Direct],./covers/Astonishing X-Men #1 [Direct].jpg,"{'pencils': 'Joe Madureira (signed)', 'inks': 'Tim Townsend (signed)', 'colors': 'Steve Buccellato', 'letters': 'Comicraft', 'genre': 'superhero', 'characters': 'X-Men [Magneto; Rogue; Sabretooth; Wildchild; Storm; Iceman; Blink; Morph; Sunfire; Banshee]', 'reprints': 'in  Ultimate Astonishing X-Men (Marvel, 1995 series)  (August 1995)  in  Gli Incredibili X-Men (Marvel Italia, 1994 series) #73 (Luglio 1996)  in  X-Men: Age of Apocalypse (Marvel, 2015 series) #1 - Alpha (2015)'}"
0,X-Men,(April 1995),Amazing X-Men #2 [Direct Edition],./covers/Amazing X-Men #2 [Direct Edition].jpg,"{'pencils': 'Andy Kubert (signed)', 'inks': 'Andy Kubert (signed)', 'colors': '?', 'letters': '?', 'genre': 'superhero', 'characters': 'X-Men [Quicksilver; Storm; Abyss]', 'reprints': 'in  Ultimate Amazing X-Men (Marvel, 1995 series)  (May 1995)  in  The Amazing X-Men (Grupo Editorial Vid, 2001 series) #1 (Noviembre 2001)'}"
0,X-Men,(June 1995),Amazing X-Men #4 [Direct Edition],./covers/Amazing X-Men #4 [Direct Edition].jpg,"{'pencils': 'Andy Kubert (signed)', 'inks': 'Matt Ryan (signed)', 'colors': '?', 'letters': '?', 'genre': 'superhero', 'characters': 'Storm; Bishop', 'reprints': 'in  Ultimate Amazing X-Men (Marvel, 1995 series)  (May 1995)  in  The Amazing X-Men (Grupo Editorial Vid, 2001 series) #2 (Noviembre 2001)'}"
0,X-Men,(July 1990),X-Men Classic #49 [Direct Edition],./covers/X-Men Classic #49 [Direct Edition].jpg,"{'pencils': 'Steve Lightle (signed)', 'inks': 'Steve Lightle (signed)', 'colors': '?', 'genre': 'superhero', 'characters': 'Dr. Doom [Victor Von Doom]; X-Men [Angel [Warren Worthington III]; Storm [Ororo Munroe]; Wolverine [Logan]]'}"
0,X-Men,(December 1990),X-Men Classic #54 [Direct Edition],./covers/X-Men Classic #54 [Direct Edition].jpg,"{'pencils': 'Andy Kubert (signed)', 'inks': 'Andy Kubert (signed)', 'colors': '?', 'genre': 'superhero', 'characters': 'X-Men [Kitty Pryde; Colossus; Wolverine; Storm]; Magneto'}"
0,X-Men,(July 1991),X-Men Classic #61 [Direct Edition],./covers/X-Men Classic #61 [Direct Edition].jpg,"{'pencils': 'Mike Mignola (signed)', 'inks': 'P. Craig Russell [as PCR] (signed)', 'colors': '?', 'genre': 'superhero', 'characters': ""Dark Phoenix [Jean Grey]; Nightcrawler; Gladiator; Shi'ar""}"
0,X-Men,(December 1991),X-Men Classic #66 [Direct Edition],./covers/X-Men Classic #66 [Direct Edition].jpg,"{'pencils': 'Mike Mignola (signed)', 'inks': 'Mike Mignola (signed)', 'colors': '?', 'letters': '?', 'genre': 'superhero', 'characters': 'Wolverine [Logan]; Brood'}"
0,X-Men,(February 1992),X-Men Classic #68 [Direct Edition],./covers/X-Men Classic #68 [Direct Edition].jpg,"{'pencils': 'Mike Mignola (signed)', 'inks': 'Mike Mignola (signed)', 'colors': '?', 'letters': '?', 'genre': 'superhero', 'characters': 'X-Men [Nightcrawler; Colossus; Cyclops]; Binary [Carol Danvers]'}"
0,X-Men,(November 1994),X-Men: The Early Years #7,./covers/X-Men: The Early Years #7.jpg,"{'pencils': 'Mike Parobeck', 'inks': 'Keith Champagne', 'colors': '?', 'letters': 'Typeset', 'genre': 'superhero', 'characters': 'Cyclops; Marvel Girl [Jean Grey]; Angel; Iceman; Beast; Blob'}"
0,Storm,(March 2009),X-Men: Worlds Apart #4,./covers/X-Men: Worlds Apart #4.jpg,"{'pencils': 'Stephane Peru', 'inks': 'Stephane Peru', 'colors': 'Stephane Peru', 'letters': 'Typeset', 'genre': 'superhero', 'characters': 'Storm'}"
0,X-Men,(May 2010),X-Men Noir: Mark of Cain #4,./covers/X-Men Noir: Mark of Cain #4.jpg,"{'pencils': 'Dennis Calero', 'inks': 'Dennis Calero', 'colors': 'Dennis Calero', 'letters': 'Typeset', 'genre': 'crime', 'characters': 'Angel [Thomas Halloway]; Cyclops; Logan'}"
0,Deadpool,(September 2010),X-Men Origins: Deadpool #1,./covers/X-Men Origins: Deadpool #1.jpg,"{'pencils': 'Mark Brooks', 'inks': 'Mark Brooks', 'colors': '?', 'letters': 'Typeset', 'genre': 'superhero', 'characters': 'Deadpool; Wolverine; Hydra; Cable; Copycat'}"
0,X-Men,(January 2008),X-Men: First Class #6,./covers/X-Men: First Class #6.jpg,"{'pencils': 'Eric Nguyen (Painted)', 'inks': 'Eric Nguyen (Painted)', 'colors': 'Eric Nguyen (Painted)', 'letters': 'Typeset', 'genre': 'superhero', 'characters': 'Cyclops; Jean Grey; Angel; Iceman; Beast'}"
0,X-Men,(October 2006),X-Men Fairy Tales #4,./covers/X-Men Fairy Tales #4.jpg,"{'pencils': 'Claire Wendling', 'inks': 'Claire Wendling', 'colors': 'Claire Wendling', 'letters': 'Typeset', 'genre': 'superhero', 'characters': 'Gambit; Rogue; Mystique'}"
0,X-Men,(August 2010),Astonishing X-Men: Xenogenesis #2,./covers/Astonishing X-Men: Xenogenesis #2.jpg,"{'pencils': 'Kaare Andrews', 'inks': 'Kaare Andrews', 'colors': '?', 'letters': 'Typeset', 'genre': 'superhero', 'characters': 'Cyclops; Emma Frost [White Queen]; Wolverine; Storm; Beast; Armor; Warpies'}"
0,nan,(January 2009),X-Men: Magneto Testament #3,./covers/X-Men: Magneto Testament #3.jpg,"{'pencils': 'Marko Djurdjević (painted)', 'inks': 'Marko Djurdjević (painted)', 'colors': 'Marko Djurdjević (painted)', 'genre': 'historical'}"
0,Dark X-Men,(September 2009),Dark X-Men: The Beginning #2,./covers/Dark X-Men: The Beginning #2.jpg,"{'pencils': 'Jae Lee', 'inks': 'Jae Lee', 'colors': 'June Chung', 'letters': 'Typeset', 'genre': 'superhero', 'characters': 'Cloak; Dagger'}"
0,X-Men,(June 2010),X-Men: Legacy #235 [Granov Cover],./covers/X-Men: Legacy #235 [Granov Cover].jpg,"{'pencils': 'Adi Granov', 'inks': 'Adi Granov', 'colors': 'Adi Granov', 'genre': 'superhero', 'characters': 'Karma; Cameron Hodge'}"
0,X-Men,(November 2007),X-Men: First Class #4,./covers/X-Men: First Class #4.jpg,"{'pencils': 'Eric Nguyen (Painted)', 'inks': 'Eric Nguyen (Painted)', 'colors': 'Eric Nguyen (Painted)', 'letters': 'Typeset', 'genre': 'superhero', 'characters': 'Beast; Iceman', 'reprints': 'in  Marvel Two-In-One (Marvel, 2007 series) #16 (December 2008)'}"
0,X-Men,(June 2010),X-Men: Pixie Strikes Back #3,./covers/X-Men: Pixie Strikes Back #3.jpg,"{'pencils': 'Stuart Immonen', 'inks': 'Stuart Immonen', 'colors': '?', 'letters': 'typeset', 'genre': 'superhero', 'characters': 'Pixie [Megan Gwynn]; Saturnine', 'reprints': 'in  X-Men - Pixie contre-attaque (Panini France, 2013 series) #1 (février 2013)'}"
0,X-Men,(September 1967),The X-Men #36 [British Price],nan,"{'pencils': 'Ross Andru', 'inks': 'George Roussos', 'colors': 'Stan Goldberg; Marie Severin', 'letters': 'Artie Simek', 'genre': 'superhero', 'characters': 'X-Men [Angel; Beast; Cyclops; Iceman; Marvel Girl]; Mekano', 'reprints': 'in  Fantastic! (IPC, 1967 series) #69 (8 June 1968)  in  The X-Men (Marvel, 1963 series) #84 (October 1973)which is reprinted  in  Marvel Masterworks: The X-Men (Marvel, 2003 series) #8 ([March] 2010)  in  The Official Marvel Index to the X-Men (Marvel, 1987 series) #2 (July 1987)  in  Marvel Masterworks: The X-Men (Marvel, 2003 series) #4 ([October] 2004)  in  Essential Classic X-Men (Marvel, 2006 series) #2 (2006)  in  The X-Men Omnibus (Marvel, 2009 series) #2 ([April] 2011)  in  HIP Comics (Classics/Williams, 1966 series) #1987'}"
0,nan,([March] 2016),X-Men '92 Warzones #0,./covers/X-Men '92 Warzones #0.jpg,{}
0,X-Men,(August 1966),The X-Men #23 [British Price Variant],./covers/The X-Men #23 [British Price Variant].jpg,"{'pencils': 'Werner Roth', 'inks': 'Dick Ayers', 'colors': 'Stan Goldberg', 'letters': 'Sam Rosen', 'genre': 'superhero', 'characters': 'X-Men [Cyclops; Marvel Girl [Jean Grey]; Angel [Warren Worthington III]; Beast; Iceman]; Eel [Leopold Stryke]; Porcupine; Plant Man; Unicorn; Scarecrow', 'reprints': 'in  Fantastic! (IPC, 1967 series) #44 (16 December 1967) [""To Save A City""]  in  Strange (Editions Lug, 1970 series) #22 (5 octobre 1971) [retouched and recolored]which is reprinted  in  Strange (Editions Lug, 1970 series) #21 (5 septembre 1971)  in  The Official Marvel Index to the X-Men (Marvel, 1987 series) #1 (May 1987)  in  Essential Uncanny X-Men (Marvel, 1999 series) #1 (September 1999)  in  Marvel Masterworks: The X-Men (Marvel, 1998 series) #[3] (January 2002)  in  The X-Men Omnibus (Marvel, 2009 series) #1 ([April] 2009)  in  X-Men Epic Collection (Marvel, 2014 series) #1 - Children of the Atom ([January] 2015)'}"
0,X-Men,(July 1991),X-Men Classic #61 [Newsstand Edition],nan,"{'pencils': 'Mike Mignola (signed)', 'inks': 'P. Craig Russell [as PCR] (signed)', 'colors': '?', 'genre': 'superhero', 'characters': ""Dark Phoenix [Jean Grey]; Nightcrawler; Gladiator; Shi'ar""}"
0,X-Men,(October 1991),X-Men Classic #64 [Newsstand Edition],nan,"{'pencils': 'Mike Mignola (signed)', 'inks': 'Mike Mignola (signed)', 'colors': '?', 'genre': 'superhero', 'characters': ""Wolverine; S'ym""}"
0,X-Men,(June 1992),X-Men Classic #72 [Newsstand Edition],nan,"{'pencils': 'Adam Hughes', 'inks': 'Adam Hughes', 'colors': '?', 'letters': '?', 'genre': 'superhero', 'characters': 'Kitty Pryde; Lockheed; Sidrian Hunter'}"
0,X-Men,(June 1966),The X-Men #21 [British Price Variant],./covers/The X-Men #21 [British Price Variant].jpg,"{'pencils': 'Werner Roth', 'inks': 'Dick Ayers', 'colors': 'Stan Goldberg; Marie Severin', 'genre': 'superhero', 'characters': 'The X-Men [Professor X; Cyclops; Marvel Girl; Angel; Beast; Iceman]; Lucifer', 'reprints': 'in  Fantastic! (IPC, 1967 series) #40 (18 November 1967)  in  The X-Men (Marvel, 1963 series) #72 (October 1971)which is reprinted  in  Marvel Masterworks: The X-Men (Marvel, 2003 series) #7 ([October] 2008)  in  X-Mannen Classics (Classics/Williams, 1971 series) #21  in  The Official Marvel Index to the X-Men (Marvel, 1987 series) #1 (May 1987)  in  Marvel Masterworks (Marvel, 1987 series) #7 ([Novenber] 1988)  in  Essential Uncanny X-Men (Marvel, 1999 series) #1 (September 1999)  in  The X-Men Omnibus (Marvel, 2009 series) #1 ([April] 2009)  in  X-Men Epic Collection (Marvel, 2014 series) #1 - Children of the Atom ([January] 2015)'}"
0,X-Men,(September 1966),The X-Men #24 [British Price Variant],./covers/The X-Men #24 [British Price Variant].jpg,"{'pencils': 'Werner Roth (signed)', 'inks': 'Dick Ayers (signed)', 'colors': 'Stan Goldberg; Marie Severin', 'letters': 'Sam Rosen', 'genre': 'superhero', 'characters': 'The X-Men [Cyclops; Marvel Girl; Angel; Beast; Iceman]; Locust [August Hopper]', 'reprints': 'in  Strange (Editions Lug, 1970 series) #24 (5 décembre 1971) [retouched and recolored]which is reprinted  in  Strange (Editions Lug, 1970 series) #23 (5 novembre 1971)  in  Essential Uncanny X-Men (Marvel, 1999 series) #1 (September 1999)  in  Marvel Masterworks: The X-Men (Marvel, 1998 series) #[3] (January 2002)  in  The X-Men Omnibus (Marvel, 2009 series) #1 ([April] 2009)  in  The X-Men (Yaffa / Page, 1978 series) #8'}"
0,X-Men,(April 1990),X-Men Classic #46 [Newsstand Edition],./covers/X-Men Classic #46 [Newsstand Edition].jpg,"{'pencils': 'Steve Lightle (signed)', 'inks': 'Steve Lightle (signed)', 'colors': '?', 'genre': 'superhero', 'characters': 'Wolverine; Nightcrawler; Vindicator [James MacDonald Hudson]; Snowbird; Wendigo'}"
0,X-Men,(December 1990),X-Men Classic #54 [Newsstand Edition],./covers/X-Men Classic #54 [Newsstand Edition].jpg,"{'pencils': 'Andy Kubert (signed)', 'inks': 'Andy Kubert (signed)', 'colors': '?', 'genre': 'superhero', 'characters': 'X-Men [Kitty Pryde; Colossus; Wolverine; Storm]; Magneto'}"
0,X-Men,(January 1992),X-Men Classic #67 [Newsstand Edition],./covers/X-Men Classic #67 [Newsstand Edition].jpg,"{'pencils': 'Mike Mignola (signed)', 'inks': 'Mike Mignola (signed)', 'colors': '?', 'genre': 'superhero', 'characters': 'Wolverine; Brood'}"
0,nan,(April 2013),X-Treme X-Men #11,./covers/X-Treme X-Men #11.jpg,{}
0,nan,(2008),X-Men: Complete Onslaught Epic #3,nan,{}
0,X-Men,(February 2009),X-Men Noir #1 [Silhouette Cover],./covers/X-Men Noir #1 [Silhouette Cover].jpg,"{'pencils': 'Dennis Calero', 'inks': 'Dennis Calero', 'colors': 'Dennis Calero', 'letters': 'Typeset', 'genre': 'crime', 'characters': 'Cyclops'}"
0,X-Men,(November 1993),X-Men Adventures #13 [Newsstand Edition],./covers/X-Men Adventures #13 [Newsstand Edition].jpg,"{'pencils': 'Andrew Wildman (signed)', 'inks': 'Andrew Wildman (signed)', 'colors': '?', 'letters': 'typeset', 'genre': 'superhero', 'characters': 'Wolverine; Bishop'}"
0,nan,(February 2013),X-Treme X-Men #8,./covers/X-Treme X-Men #8.jpg,{}
0,X-Men,(September 2011),X-Men: Schism #2 [Second Printing],./covers/X-Men: Schism #2 [Second Printing].jpg,"{'pencils': 'Frank Cho', 'inks': 'Frank Cho', 'colors': 'Jason Keith', 'genre': 'superhero', 'characters': 'Colossus; Rogue; Wolverine; Cyclops'}"
0,X-Men,(September 2011),X-Men: Schism #2 [Third Printing],./covers/X-Men: Schism #2 [Third Printing].jpg,"{'pencils': 'Frank Cho', 'inks': 'Frank Cho', 'colors': 'Jason Keith', 'genre': 'superhero', 'characters': 'Colossus; Rogue; Wolverine; Cyclops'}"
0,Spider-Man; X-Men,(June 2015),Spider-Man & the X-Men #6,./covers/Spider-Man & the X-Men #6.jpg,"{'pencils': 'Stacey Lee', 'inks': 'Stacey Lee', 'colors': '?', 'letters': 'typeset', 'genre': 'superhero'}"
0,X-Men,(May 2011),Astonishing X-Men MGC #1,./covers/Astonishing X-Men MGC #1.jpg,"{'pencils': 'John Cassaday', 'inks': 'John Cassaday', 'colors': 'Laura Martin', 'letters': 'Typeset', 'genre': 'superhero', 'characters': 'Wolverine', 'reprints': 'from  Astonishing X-Men (Marvel, 2004 series) #1 [Claws Cover] (July 2004)'}"
0,X-Men,(August 1996),Onslaught: X-Men #1 [Cover C],./covers/Onslaught: X-Men #1 [Cover C].jpg,"{'pencils': 'Adam Kubert (signed)', 'inks': 'Adam Kubert (signed)', 'genre': 'superhero', 'characters': 'Onslaught; Jean Grey; Wolverine; Gambit; Beast; Cyclops; Storm; Cannonball'}"
0,X-Men,(July 2012),Ultimate Comics X-Men #11,./covers/Ultimate Comics X-Men #11.jpg,"{'pencils': 'Kaare Andrews (painted)', 'inks': 'Kaare Andrews (painted)', 'colors': 'Kaare Andrews (painted)', 'genre': 'superhero', 'reprints': 'in  Ultimate Universe (Panini France, 2012 series) #6 (Mars 2013)'}"
0,Avengers; X-Men,(June 2012),Avengers vs. X-Men #1 [newsstand],./covers/Avengers vs. X-Men #1 [newsstand].jpg,"{'pencils': 'Jim Cheung', 'inks': 'Jim Cheung', 'colors': 'Justin Ponsor', 'letters': 'typeset', 'genre': 'superhero', 'characters': 'Avengers [Beast; Black Widow; Luke Cage; Captain America; Hawkeye; Iron Man; Iron Fist; Ms. Marvel; Red Hulk; Spider-Man; Spider-Woman [Jessica Drew]; Thing; Thor; Wolverine]; X-Men [Angel; Armor; Colossus; Cyclops; Emma Frost; Gambit; Iceman; Magneto; Namor the Sub-Mariner; Psylocke; Rogue; Storm; Hope Summers; Warpath]', 'reprints': 'in  Hasbro / The Defenders (Marvel, 2012 series) #8 (February 2012)'}"
0,nan,,Ultimate X-Men #4 - Hellfire & Brimstone,nan,{}
0,nan,,Ultimate X-Men #6 - Return of the King,nan,{}
0,nan,,Ultimate X-Men #19 - Absolute Power,nan,{}
0,X-Men,(December 2011),Wolverine & the X-Men #1 [Regular Cover],./covers/Wolverine & the X-Men #1 [Regular Cover].jpg,"{'pencils': 'Chris Bachalo', 'inks': 'Tim Townsend', 'colors': '?', 'genre': 'superhero', 'characters': 'Beast; Broo; Iceman; Kid Gladiator; Shadowcat; Wolverine', 'reprints': 'in  Wolverine und die X-Men (Panini Deutschland, 2012 series) #1 (September 2012)'}"
0,X-Men,(April 2010),The Uncanny X-Men #521 [Deadpool Variant],./covers/The Uncanny X-Men #521 [Deadpool Variant].jpg,"{'pencils': 'Karl Moline', 'inks': 'Rick Magyar', 'colors': 'Christina Strain', 'letters': '?', 'genre': 'superhero', 'characters': 'Magneto [Erik Lehnsherr]; Deadpool [Wade Wilson]', 'reprints': 'in  Deadpool (Marvel, 2010 series) #1000 (October 2010)  in  Los Increíbles Hombres X, Uncanny X-Men (Editorial Televisa, 2009 series) #24 (Marzo 2011)'}"
0,X-Men,(April 1976),The X-Men #98 [30¢ Price Variant],./covers/The X-Men #98 [30¢ Price Variant].jpg,"{'pencils': 'Dave Cockrum (signed)', 'inks': 'Dave Cockrum (signed)', 'colors': '?', 'letters': 'Dan Crespi', 'genre': 'superhero', 'characters': 'X-Men [Cyclops; Storm; Wolverine; Colossus; Nightcrawler]; Sentinels', 'reprints': ""in  Classic X-Men (Marvel, 1986 series) #6 (February 1987)  in  The Official Marvel Index to the X-Men (Marvel, 1987 series) #5 (March 1988)  in  El Asombroso Hombre Araña Presenta (Novedades, 1988 series) #43 (Febrero 9 de 1989)  in  Marvel Masterworks (Marvel, 1987 series) #11 ([November] 1989)  in  L'Uomo Ragno (Edizioni Star Comics, 1987 series) #65 (30 Gennaio 1991)  in  Essential X-Men (Marvel, 1996 series) #1 (1996)  in  X-Men (Marvel, 1991 series) #109 (February 2001)  in  Marvel Masterworks: The Uncanny X-Men - Barnes & Noble Edition (Marvel, 2003 series) #1 (2003)  in  X-Men : l'intégrale (Panini France, 2003 series) #1975-1976 (décembre 2003)  in  Marvel Masterworks: The Uncanny X-Men (Marvel, 2009 series) #1 (2011 [second printing])  in  Marvel Gold. La Imposible Patrulla-X (Panini España, 2011 series) #1 - Segunda Génesis (Abril 2011)""}"
0,X-Men,(January 1964),The X-Men #3 [British Price Variant],./covers/The X-Men #3 [British Price Variant].jpg,"{'pencils': 'Jack Kirby', 'inks': 'Sol Brodsky', 'colors': 'Stan Goldberg', 'letters': 'Sam Rosen', 'genre': 'superhero', 'characters': 'The X-Men [The Angel [Warren Worthington III]; The Beast; Cyclops; Marvel Girl [Jean Grey]; Iceman]; The Blob', 'reprints': ""in  Los Hombres X (Editora de Periódicos La Prensa S.C.L., 1966 series) #3 (31 de marzo de 1966)  in  Marvel Super-Heroes (Marvel, 1967 series) #22 (September 1969)  in  Strange (Editions Lug, 1970 series) #2 (5 février 1970)  in  Marvel's Greatest Superhero Battles (Simon and Schuster, 1978 series)  (1978)  in  Amazing Adventures (Marvel, 1979 series) #5 (April 1980)  in  The Official Marvel Index to the X-Men (Marvel, 1987 series) #1 (May 1987)  in  Marvel Masterworks (Marvel, 1987 series) #3 ([November] 1987)  in  Uncanny X-Men Masterworks (Marvel, 1993 series) #1 (February 1993)  in  Classic X-Men (Planeta DeAgostini, 1994 series) #2 (Mayo 1994)  in  Marvel Masterworks: The X-Men (Marvel, 1998 series) #[1] (December 1998)  in  Essential Uncanny X-Men (Marvel, 1999 series) #1 (September 1999)  in  Marvel Masterworks: The X-Men (Marvel, 2002 series) #1 (April 2002)  in  The X-Men Omnibus (Marvel, 2009 series) #1 ([April] 2009)  in  X-Men Epic Collection (Marvel, 2014 series) #1 - Children of the Atom ([January] 2015)  in  The X-Men with the Avengers (Newton Comics, 1975 series) #3""}"
0,X-Men,(August 1992),X-Men #11 [Pressman Variant],./covers/X-Men #11 [Pressman Variant].jpg,"{'pencils': 'Jim Lee (signed)', 'inks': 'Bob Wiacek (signed)', 'colors': '?', 'letters': '?', 'genre': 'superhero', 'characters': 'X-Men [Cyclops; Wolverine; Psylocke; Rogue; Gambit; Beast; Jubilee]', 'reprints': 'in  Gli Incredibili X-Men (Marvel Italia, 1994 series) #57 (Marzo 1995)  in  Wolverine Encyclopedia (Marvel, 1996 series) #1 (November 1996) [see note; modified]  in  Mega Marvel (SatellitFÃ¶rlaget, 1992 series) #5/1994'}"
0,X-Men,(February 1993),The Uncanny X-Men #297 [Pressman Variant],./covers/The Uncanny X-Men #297 [Pressman Variant].jpg,"{'pencils': 'Brandon Peterson (signed)', 'inks': 'Dan Panosian (signed)', 'colors': '?', 'genre': 'superhero', 'characters': 'Professor X; Jubilee'}"
0,Nightcrawler,(February 2009),X-Men: Manifest Destiny #4,./covers/X-Men: Manifest Destiny #4.jpg,"{'pencils': 'Humberto Ramos (signed)', 'inks': 'Humberto Ramos (signed)', 'colors': 'Brian Reber (signed)', 'genre': 'superhero', 'characters': 'Nightcrawler [Kurt Wagner]'}"
0,X-Men,(September 1998),X-Men #79 [Newsstand Edition],./covers/X-Men #79 [Newsstand Edition].jpg,"{'pencils': 'German Garcia (?)', 'inks': 'Jon Holdredge (?)', 'colors': 'Chris Sotomayor [as Â¡soto!] (signed)', 'letters': '?', 'genre': 'superhero', 'characters': 'Storm; Callisto; Marrow'}"
0,Avengers; X-Men,(August 2012),Avengers vs. X-Men #6,./covers/Avengers vs. X-Men #6.jpg,"{'pencils': 'Jim Cheung (signed)', 'inks': 'Jim Cheung (signed)', 'colors': 'Justin Ponsor [as J-Po] (signed)', 'letters': 'typeset', 'genre': 'superhero', 'characters': 'Phoenix Five [Colossus; Cyclops; Emma Frost; Magik; Namor the Sub-Mariner]'}"
0,X-Men,(October 1991),X-Men #1 [Cover B],./covers/X-Men #1 [Cover B].jpg,"{'pencils': 'Jim Lee', 'inks': 'Scott Williams', 'colors': '?', 'letters': '?', 'genre': 'superhero', 'characters': 'X-Men [Colossus; Rogue; Gambit; Psylocke]', 'reprints': 'in  Marvel Collectible Classics: X-Men (Marvel, 1998 series) #6 (December 1998)  in  Great American Comic Books (Publications International, Ltd., 2001 series)  (2001)  in  X-Men: Mutant Genesis (Marvel, 2010 series)  (2010)'}"
0,X-Men,(October 1991),X-Men #1 [Cover E],./covers/X-Men #1 [Cover E].jpg,"{'pencils': 'Jim Lee (signed)', 'inks': 'Scott Williams (signed)', 'colors': '?', 'genre': 'superhero', 'characters': 'X-Men [Professor X; Jean Grey; Storm; Archangel; Beast; Colossus; Rogue; Psylocke; Gambit; Cyclops; Wolverine; Iceman]; Magneto', 'reprints': 'in  X-Men: Mutant Genesis (Marvel, 2006 series)  (2006) [Front cover only]which is reprinted  in  X-Men: Mutant Genesis (Marvel, 2010 series)  (2010)  in  X-Men: Mutant Genesis (Marvel, 2010 series)  (2010)  in  X-Men #1: 20th Anniversary Edition (Marvel, 2011 series) #[nn] (December 2011)which is reprinted  in  X-Men: Mutant Genesis (Marvel, 2010 series)  (2010)  in  X-Men (SatellitFÃ¶rlaget, 1990 series) #6/1993'}"
0,Avengers; X-Men,(September 2012),Avengers vs. X-Men #8,./covers/Avengers vs. X-Men #8.jpg,"{'pencils': 'Jim Cheung (signed)', 'inks': 'Jim Cheung (signed)', 'colors': 'Justin Ponsor [as J-Po] (signed)', 'letters': 'typeset', 'genre': 'superhero', 'characters': 'Avengers [Captain America; Iron Man; Spider-Woman [Jessica Drew]; Thor; Wolverine]; Namor the Submariner', 'keywords': 'Phoenix Force'}"
0,X-Men,(August 1999),X-Men Mutant Massacre  [Second Printing],./covers/X-Men Mutant Massacre  [Second Printing].jpg,"{'pencils': 'Terry Dodson', 'inks': 'Kevin Conrad', 'colors': '?', 'letters': 'Typeset', 'genre': 'superhero', 'characters': 'Wolverine; Sabretooth; Thor; Angel', 'reprints': 'in  X-Men: Mutant Massacre (Marvel, 2009 series)  (2009)'}"
0,X-Men,(January 1981),The X-Men #141 [Direct Edition],./covers/The X-Men #141 [Direct Edition].jpg,"{'pencils': 'John Byrne (signed)', 'inks': 'Terry Austin (signed)', 'colors': '?', 'letters': 'typeset', 'genre': 'superhero', 'characters': 'Wolverine; Kitty Pryde', 'reprints': 'in  The Mighty World of Marvel (Marvel UK, 1982 series) #1 (1983) [Without background]  in  Prosjekt X (Semic, 1984 series) #11/1985 (uke 45 1985)  in  Uncanny X-Men in Days of Future Past (Marvel, 1989 series)  (1989)  in  Marvel Collectible Classics: X-Men (Marvel, 1998 series) #2 (August 1998)  in  The 100 Greatest Marvels of All Time (Marvel, 2001 series) #1 (December 2001)  in  Wizard X-Men Masterpiece Edition (Marvel; Wizard, 2003 series) #1 (December 2003)  in  X-Men No. 141 [Marvel Legends Reprint] (Marvel, 2005 series)  (June 2005)  in  Marvel Gold. La Imposible Patrulla-X (Panini España, 2011 series) #2 - Días del Futuro Pasado, #2 - Días del Futuro Pasado  in  Marvel 75th Anniversary Omnibus (Marvel, 2014 series)  ([November] 2014)  in  Projekt X (Interpresse, 1984 series) #10/1985  in  Marvels universum (Semic, 1987 series) #4/1987  in  Essential X-Men (Marvel, 1996 series) #2', 'keywords': 'wanted posters'}"
0,X-Men,(February 2009),The Uncanny X-Men #505 [Villain Variant],./covers/The Uncanny X-Men #505 [Villain Variant].jpg,"{'pencils': 'Greg Land (signed)', 'inks': 'Greg Land (signed)', 'colors': 'Justin Ponsor [as J-PO]', 'letters': 'Typeset', 'genre': 'superhero', 'characters': 'Madelyne Pryor', 'reprints': 'in  Uncanny X-Men: Lovelorn (Marvel, 2009 series)  (2009)'}"
0,X-Men,(September 2008),The Uncanny X-Men #500 [Second Printing],./covers/The Uncanny X-Men #500 [Second Printing].jpg,"{'pencils': 'Terry Dodson', 'inks': 'Rachel Dodson', 'colors': 'Justin Ponsor', 'genre': 'superhero', 'characters': 'X-Men [Angel [Warren Worthington]; Emma Frost [White Queen]]'}"
